sq_measure_Cat,sq_inspection_stage,sq_question_number,sq_question,sq_can_have_photo,sq_na_allowed,sq_unable_to_validate_allowed,sq_remote_reinspection_allowed,sq_score_monitoring,sq_nc_severity,sq_uses_dropdown,sq_dropdown_list,sq_innovation_measure,sq_innovation_question_list,sq_Measure_type,Sq_Innovation_Product
All Measures,Post,TMQ.1,"Have all avoidable thermal bridges/heat loss areas which could have been insulated, been insulated? ",TRUE,TRUE,TRUE,TRUE,FALSE,Low,FALSE,,FALSE,,,
All Measures,Post,TMQ.2,Has 100% of the measure been installed where possible? ,TRUE,FALSE,FALSE,TRUE,FALSE,Low,FALSE,,FALSE,,,
Monitored Measures,Post,TMQ.3,Has appropriate monitoring equipment been installed into the property?,TRUE,TRUE,TRUE,TRUE,FALSE,Low,FALSE,,FALSE,,,
All Measures,Post,H&S.1,Do any faults specific to the measure installed present an immediate risk to the occupier or the property?,TRUE,TRUE,TRUE,FALSE,FALSE,Cat1,FALSE,,FALSE,,,
All Measures,Post,H&S.2,Do you believe that there are any other safety related issues with the installation? ,TRUE,TRUE,TRUE,FALSE,FALSE,High,FALSE,,FALSE,,,
ASHP,Post,ASHP.1,"Where pipework has either been replaced, exposed, or been made accessible as part of the work within an unheated space within the building envelope, has this been insulated?",TRUE,TRUE,TRUE,TRUE,FALSE,Low,FALSE,,FALSE,,,
ASHP,Post,ASHP.2,"If holes or openings have been made through the fabric of the premises due to the installation of a new heat pump, have they been made good? (including condensate pipe,  pressure relief valve, gas flue terminals)",TRUE,TRUE,TRUE,TRUE,FALSE,Low,FALSE,,FALSE,,,
ASHP,Post,ASHP.3,Does the heat pump produce hot water for the central heating system?,TRUE,TRUE,TRUE,TRUE,FALSE,High,FALSE,,FALSE,,,
ASHP,Post,ASHP.4,"If the heat pump is designed to produce domestic hot water, is the boiler or heat pump producing domestic hot water?",TRUE,TRUE,TRUE,TRUE,FALSE,High,FALSE,,FALSE,,,
ASHP,Post,ASHP.5,"If original heating controls remain, do they function correctly with the boiler?    ",TRUE,TRUE,TRUE,TRUE,FALSE,High,FALSE,,FALSE,,,
ASHP,Post,ASHP.6,Are all habitable rooms heated ?,TRUE,TRUE,TRUE,TRUE,FALSE,Low,FALSE,,FALSE,,,
ASHP,Post,ASHP.7,"Do the heating controls installed encompass a programmer, thermostat?",TRUE,TRUE,TRUE,TRUE,FALSE,Low,FALSE,,FALSE,,,
ASHP,Post,ASHP.8,Is the heat pump location to avoid detrimental performance from the re-circulation of chilled air?,TRUE,TRUE,TRUE,TRUE,FALSE,High,FALSE,,FALSE,,,
ASHP,Post,ASHP.9,Is there a means of removal of condensate to a drain or soakaway to prevent ice build up during defrost cycles?,TRUE,TRUE,TRUE,TRUE,FALSE,Low,FALSE,,FALSE,,,
ASHP,Post,ASHP.10,Is the heat pump located away from sleeping areas and have anti vibration feet been fitted to prevent vibration nuisance?,TRUE,TRUE,TRUE,TRUE,FALSE,Low,FALSE,,FALSE,,,
ASHP,Post,ASHP.11,Is a weather compensator present and has it been placed on the correct external aspect?,TRUE,TRUE,TRUE,TRUE,FALSE,Low,FALSE,,FALSE,,,
ASHP,Post,ASHP.12,Has the Renewable Heat plant/boiler been installed as per manufacturer’s instructions and other guidance?,TRUE,FALSE,FALSE,TRUE,FALSE,High,FALSE,,FALSE,,,
BB,Post,BB.1,"Where pipework has either been replaced, exposed, or been made accessible as part of the work within an unheated space within the building envelope, has this been insulated?",TRUE,TRUE,TRUE,TRUE,FALSE,Low,FALSE,,FALSE,,,
BB,Post,BB.2,"If holes or openings have been made through the fabric of the premises due to the installation of a new boiler, have they been made good? (including condensate pipe,  pressure relief valve, gas flue terminals)",TRUE,TRUE,TRUE,TRUE,FALSE,Low,FALSE,,FALSE,,,
BB,Post,BB.3,Does the boiler produce hot water for the central heating system?,TRUE,TRUE,TRUE,TRUE,FALSE,High,FALSE,,FALSE,,,
BB,Post,BB.4,"If the boiler is designed to produce domestic hot water, is the boiler or heat pump producing domestic hot water?",TRUE,TRUE,TRUE,TRUE,FALSE,High,FALSE,,FALSE,,,
BB,Post,BB.5,"If original heating controls remain, do they function correctly with the boiler?",TRUE,TRUE,TRUE,TRUE,FALSE,High,FALSE,,FALSE,,,
BB,Post,BB.6,"Do the heating controls installed encompass a programmer, thermostat and TRVs to all radiators except those in the room with the thermostat?",TRUE,TRUE,TRUE,TRUE,FALSE,Low,FALSE,,FALSE,,,
BB,Post,BB.7,Has the Renewable Heat plant/boiler been installed as per manufacturer’s instructions and other guidance?,TRUE,FALSE,FALSE,TRUE,FALSE,High,FALSE,,FALSE,,,
BR,Post,BR.1,"Where pipework has either been replaced, exposed, or been made accessible as part of the work within an unheated space within or outside of the building envelope, has this been insulated?",TRUE,TRUE,FALSE,TRUE,FALSE,Low,FALSE,,FALSE,,,
BR,Post,BR.2,Does the boiler or heat pump produce hot water for the central heating system?,TRUE,FALSE,TRUE,TRUE,FALSE,High,FALSE,,FALSE,,,
BR,Post,BR.3,"If the boiler or heat pump is designed to produce domestic hot water, is the boiler or heat pump producing domestic hot water?",TRUE,TRUE,TRUE,TRUE,FALSE,High,FALSE,,FALSE,,,
BR,Post,BR.4,Has the boiler been repaired as per manufacturer’s instructions and other guidance?,TRUE,FALSE,FALSE,TRUE,FALSE,High,FALSE,,FALSE,,,
CWI,Post,CWI.1,Is the insulation material suitable for use with the property’s exposure level to wind driven rain? ,TRUE,FALSE,TRUE,TRUE,FALSE,High,FALSE,,FALSE,,,
CWI,Post,CWI.2,Does the form of the construction of the property suggest that it was suitable for the material that has been installed?,TRUE,FALSE,FALSE,TRUE,FALSE,High,FALSE,,FALSE,,,
CWI,Post,CWI.3,Does the current condition of the property suggest that it was suitable for the material that has been installed?,TRUE,FALSE,FALSE,TRUE,FALSE,High,FALSE,,FALSE,,,
CWI,Post,CWI.4,Does the drilling pattern conform to the appropriate materials compliance certificate?,TRUE,FALSE,TRUE,TRUE,FALSE,High,FALSE,,FALSE,,,
CWI,Post,CWI.5,Have all injection holes been filled?,TRUE,FALSE,TRUE,TRUE,FALSE,Low,FALSE,,FALSE,,,
CWI,Post,CWI.6,Have all vents been safeguarded and have redundant vents been sealed?,TRUE,TRUE,FALSE,TRUE,FALSE,High,FALSE,,FALSE,,,
CWI,Post,CWI.7,Is there any evidence of the escape of insulation?,TRUE,FALSE,TRUE,TRUE,FALSE,Low,FALSE,,FALSE,,,
CWI,Post,CWI.8,Are there any signs of damp or condensation?,TRUE,FALSE,FALSE,TRUE,FALSE,High,FALSE,,FALSE,,,
CWI,Post,CWI.10,Does the provision of ventilation in the property meet the requirements of the relevant version of PAS 2030?,TRUE,FALSE,FALSE,TRUE,FALSE,High,FALSE,,FALSE,,,
DP,Post,DP.1,Has the draught proofing been securely fixed to all doors and windows?,TRUE,FALSE,FALSE,TRUE,FALSE,Low,FALSE,,FALSE,,,
DP,Post,DP.2,Are all newly treated windows and doors fully operational?,TRUE,FALSE,FALSE,TRUE,FALSE,High,FALSE,,FALSE,,,
DP,Post install ,DP.3,"Are elements that are treated free from rot, infestation and visible signs of corrosion?",TRUE,FALSE,FALSE,FALSE,FALSE,High,FALSE,,FALSE,,,
DP,Post install ,DP.4,Have all hatches to heat loss areas been treated?,TRUE,FALSE,FALSE,FALSE,FALSE,Low,FALSE,,FALSE,,,
DP,Post install ,DP.5,Has the installation compromised combustion ventilation or other ventilation systems within the property?,TRUE,FALSE,FALSE,FALSE,FALSE,High,FALSE,,FALSE,,,
DG,Post,DG.1,Are the fixings in line with building regulations and the maximum spacing between fixings evidenced (opening windows only) 150mm from corner weld and maximum 600mm between other fixings?,TRUE,TRUE,TRUE,TRUE,FALSE,Low,FALSE,,FALSE,,,
DG,Post,DG.2,"Has safety glass been fitted where appropriate? (less than 800mm from the ground or floor level, has toughened safety glass been fitted).",TRUE,TRUE,TRUE,TRUE,FALSE,High,FALSE,,FALSE,,,
DG,Post,DG.3,Have fire safety windows been fitted where and when required?,TRUE,TRUE,TRUE,TRUE,FALSE,High,FALSE,,FALSE,,,
DG,Post,DG.4,Has safety restrictors been fitted to upstairs windows to prevent falling,TRUE,TRUE,TRUE,TRUE,FALSE,High,FALSE,,FALSE,,,
DG,Post,DG.5,Has the window got a suitable lintel in place ,TRUE,TRUE,TRUE,TRUE,FALSE,High,FALSE,,FALSE,,,
DG,Post,DG.6,Has the window been sealed and made good?,TRUE,TRUE,TRUE,TRUE,FALSE,Low,FALSE,,FALSE,,,
DG,Post,DG.7,Where trickle vents were present before are trickle vents still present on all replacement windows ?,TRUE,TRUE,TRUE,TRUE,FALSE,Low,FALSE,,FALSE,,,
DG,Post,DG.8,Are drainage holes present and free from debris and useable?,TRUE,TRUE,TRUE,TRUE,FALSE,Low,FALSE,,FALSE,,,
WG,Post,WG.1,Have all windows and doors in the premises that haven’t been treated before now been treated?     ,TRUE,FALSE,FALSE,FALSE,FALSE,Low,FALSE,,FALSE,,,
ESHR,Post,ESHR.1,Is the repair to an Electric Storage Heater as opposed to a panel heater or other kind of heater?,TRUE,FALSE,FALSE,TRUE,FALSE,Low,FALSE,,FALSE,,,
ESHR,Post,ESHR.2,Does the Electric Storage Heater activate and produce heat?,TRUE,FALSE,TRUE,TRUE,FALSE,High,FALSE,,FALSE,,,
ESHR,Post,ESHR.3,Is the property on an Economy 7 or differential off-peak tariff?,TRUE,FALSE,TRUE,TRUE,FALSE,High,FALSE,,FALSE,,,
ESHR,Post,ESHR.4,"Where the property is on a differential off-peak tariff, are the Elecitric Storage Heaters connected to a separate consumer unit? ",TRUE,TRUE,TRUE,TRUE,FALSE,Low,FALSE,,FALSE,,,
EWI,Post,EWI.13,"Where services (e.g. gas, electric, water, telecommunications) have penetrated the insulation board have these been sealed appropriately?",TRUE,TRUE,FALSE,TRUE,FALSE,High,FALSE,,FALSE,,,
EWI,Post,EWI.14,Are there any visible signs of water penetration?,TRUE,FALSE,FALSE,TRUE,FALSE,High,FALSE,,FALSE,,,
EWI,Post,EWI.15,Has the render/cladding been fully applied?,TRUE,FALSE,FALSE,TRUE,FALSE,High,FALSE,,FALSE,,,
EWI,Post,EWI.16,"Where appropriate, have window and door reveals been insulated in line with the system designer’s specifications?",TRUE,TRUE,FALSE,TRUE,FALSE,Low,FALSE,,FALSE,,,
EWI,Post,EWI.17,Have all exterior facing wall areas (above DPC) been insulated in line with the system designer's specifications to reduce the effects of thermal bridging?,TRUE,TRUE,TRUE,TRUE,FALSE,High,FALSE,,FALSE,,,
EWI,Post,EWI.18,Have all exterior window and door seals been applied and finished off in line with the system designer's specifications?,TRUE,TRUE,TRUE,TRUE,FALSE,Low,FALSE,,FALSE,,,
EWI,Post,EWI.19,"Where necessary, has the roofline been extended in line with the system designer's specifications to cover the EWI works and prevent water ingress?",TRUE,TRUE,FALSE,TRUE,FALSE,High,FALSE,,FALSE,,,
EWI,Post,EWI.20,Is there evidence of damage to the EWI fabric as a result of water ingress?,TRUE,FALSE,FALSE,TRUE,FALSE,High,FALSE,,FALSE,,,
EWI,Post,EWI.21,Does the provision of ventilation in the property meet the requirements of the relevant version of PAS 2030?,TRUE,FALSE,FALSE,TRUE,FALSE,High,FALSE,,FALSE,,,
FCH,Post,FCH.2,Are all roof areas and exterior-facing cavity walls insulated?,TRUE,TRUE,TRUE,TRUE,FALSE,High,FALSE,,FALSE,,,
FRI,Post,FRI.5,Is there any evidence of water penetration?,TRUE,FALSE,FALSE,TRUE,FALSE,High,FALSE,,FALSE,,,
FRI,Post,FRI.6,"Has a waterproof membrane been applied over the whole of the insulated area, including ‘Up Stands’ after the laying of the insulation board? ",TRUE,FALSE,FALSE,TRUE,FALSE,High,FALSE,,FALSE,,,
FRI,Post,FRI.7,Has the area between the wall and flat roof slab been insulated to prevent cold bridging?,TRUE,TRUE,TRUE,TRUE,FALSE,High,FALSE,,FALSE,,,
FRI,Post,FRI.8,Does the provision of ventilation in the property meet the requirements of the relevant version of PAS 2030?,TRUE,FALSE,FALSE,TRUE,FALSE,High,FALSE,,FALSE,,,
GSHP,Post,GSHP.1,"Where pipework has either been replaced, exposed, or been made accessible as part of the work within an unheated space within the building envelope, has this been insulated?",TRUE,TRUE,TRUE,TRUE,FALSE,Low,FALSE,,FALSE,,,
GSHP,Post,GSHP.2,"If holes or openings have been made through the fabric of the premises due to the installation of a new heat pump, have they been made good? (including condensate pipe,  pressure relief valve, gas flue terminals)",TRUE,TRUE,TRUE,TRUE,FALSE,Low,FALSE,,FALSE,,,
GSHP,Post,GSHP.3,Does the heat pump produce hot water for the central heating system?,TRUE,TRUE,TRUE,TRUE,FALSE,High,FALSE,,FALSE,,,
GSHP,Post,GSHP.4,"If the heat pump is designed to produce domestic hot water, is the boiler or heat pump producing domestic hot water?",TRUE,TRUE,TRUE,TRUE,FALSE,High,FALSE,,FALSE,,,
GSHP,Post,GSHP.5,"If original heating controls remain, do they function correctly with the boiler?    ",TRUE,TRUE,TRUE,TRUE,FALSE,High,FALSE,,FALSE,,,
GSHP,Post,GSHP.6,Are all habitable rooms heated ?,TRUE,TRUE,TRUE,TRUE,FALSE,Low,FALSE,,FALSE,,,
GSHP,Post,GSHP.7,"Do the heating controls installed encompass a programmer, thermostat?",TRUE,TRUE,TRUE,TRUE,FALSE,Low,FALSE,,FALSE,,,
GSHP,Post,GSHP.8,Has the Renewable Heat plant/boiler been installed as per manufacturer’s instructions and other guidance?,TRUE,FALSE,FALSE,TRUE,FALSE,High,FALSE,,FALSE,,,
HC,Post,HC.1,"Are the standard heating controls, smart thermostat, compensation device or TRVs (whichever is applicable) linked to a functioning heating system?",TRUE,FALSE,FALSE,TRUE,FALSE,Low,FALSE,,FALSE,,,
HC,Post,HC.2,Do the standard heating controls or smart thermostat turn on the domestic heating system?,TRUE,TRUE,TRUE,TRUE,FALSE,High,FALSE,,FALSE,,,
HC,Post,HC.3,Have any outdoor sensors required by the compensation device been installed in line with the manufacturer's instructions? ,TRUE,TRUE,FALSE,TRUE,FALSE,Low,FALSE,,FALSE,,,
HPED,Post,HPED.1,Have any outdoor sensors required by the compensation device been installed in line with the manufacturer's instructions? ,TRUE,TRUE,TRUE,TRUE,FALSE,Low,FALSE,,FALSE,,,
HPED,Post,HPED.2,"Has the threshold been raised above the previous level? 
Has consideration has to be made for disabled access and the rule of ""cant make it any worse"" always takes priority.",TRUE,TRUE,TRUE,TRUE,FALSE,Low,FALSE,,FALSE,,,
HPED,Post,HPED.3,Area all seals correctly finished round the new door?,TRUE,TRUE,TRUE,TRUE,FALSE,Low,FALSE,,FALSE,,,
HPED,Post,HPED.4,Are all mechanisms and handles easy to open and free from catching or dragging as the door is opened and closed?,TRUE,TRUE,TRUE,TRUE,FALSE,Low,FALSE,,FALSE,,,
HPED,Post,HPED.5,"If doors have glass present and it is less than 1500mm from the ground or floor level, has toughened safety glass been fitted?",TRUE,TRUE,TRUE,TRUE,FALSE,High,FALSE,,FALSE,,,
HPED,Post,HPED.6,Are the fixings in line with building regulations and the maximum spacing between fixings 150mm from corner weld and maximum 600mm between other fixings?,TRUE,TRUE,TRUE,TRUE,FALSE,Low,FALSE,,FALSE,,,
HHP,Post,HHP.1,"Where pipework has either been replaced, exposed, or been made accessible as part of the work within an unheated space within the building envelope, has this been insulated?",TRUE,TRUE,TRUE,TRUE,FALSE,Low,FALSE,,FALSE,,,
HHP,Post,HHP.2,"If holes or openings have been made through the fabric of the premises due to the installation of a new heat pump, have they been made good? (including condensate pipe,  pressure relief valve, gas flue terminals)",TRUE,TRUE,TRUE,TRUE,FALSE,Low,FALSE,,FALSE,,,
HHP,Post,HHP.3,Does the heat pump produce hot water for the central heating system?,TRUE,TRUE,TRUE,TRUE,FALSE,High,FALSE,,FALSE,,,
HHP,Post,HHP.4,"If the heat pump is designed to produce domestic hot water, is the boiler or heat pump producing domestic hot water?",TRUE,TRUE,TRUE,TRUE,FALSE,High,FALSE,,FALSE,,,
HHP,Post,HHP.5,"If original heating controls remain, do they function correctly with the boiler?    ",TRUE,TRUE,TRUE,TRUE,FALSE,High,FALSE,,FALSE,,,
HHP,Post,HHP.6,Are all habitable rooms heated ?,TRUE,TRUE,TRUE,TRUE,FALSE,Low,FALSE,,FALSE,,,
HHP,Post,HHP.7,"Do the heating controls installed encompass a programmer, thermostat?",TRUE,TRUE,TRUE,TRUE,FALSE,Low,FALSE,,FALSE,,,
HHP,Post,HHP.8,Has the Renewable Heat plant/boiler been installed as per manufacturer’s instructions and other guidance?,TRUE,FALSE,FALSE,TRUE,FALSE,High,FALSE,,FALSE,,,
IWI,Mid & Post,IWI.2,Is the measure installed as specified in the appropriate product certificate and/or system designer's instructions?,TRUE,FALSE,FALSE,TRUE,FALSE,High,FALSE,,FALSE,,,
IWI,Post,IWI.7,"Is the insulation sealed around all adjoining boards, walls, ceilings and floors?  ",TRUE,FALSE,TRUE,TRUE,FALSE,High,FALSE,,FALSE,,,
IWI,Post,IWI.8,Is the insulation continued 400mm along all party and solid partition walls?,TRUE,TRUE,TRUE,TRUE,FALSE,Low,FALSE,,FALSE,,,
IWI,Post,IWI.9,"Have all services (e.g. light switches, sockets, radiators) been removed, insulated behind and re-positioned inside the heat loss area?",TRUE,TRUE,FALSE,TRUE,FALSE,High,FALSE,,FALSE,,,
IWI,Post,IWI.10,"Has the system been sealed fully at edges, corners and junctions to prevent the ingress of moisture?",TRUE,FALSE,FALSE,TRUE,FALSE,High,FALSE,,FALSE,,,
IWI,Post,IWI.11,Does the provision of ventilation in the property meet the requirements of the relevant version of PAS 2030?,TRUE,FALSE,FALSE,TRUE,FALSE,High,FALSE,,FALSE,,,
LI,Post,LI.1,Is the thickness of insulation consistent throughout the loft area?,TRUE,FALSE,TRUE,TRUE,FALSE,Low,FALSE,,FALSE,,,
LI,Post,LI.2,Has insulation been close butted? ,TRUE,FALSE,TRUE,TRUE,FALSE,Low,FALSE,,FALSE,,,
LI,Post,LI.3,Has insulation been cross laid to prevent cold bridging? ,TRUE,FALSE,TRUE,TRUE,FALSE,Low,FALSE,,FALSE,,,
LI,Post,LI.4,Has the loft hatch been insulated as specified in in the relevant PAS 2030 annex?,TRUE,TRUE,TRUE,TRUE,FALSE,Low,FALSE,,FALSE,,,
LI,Post,LI.5,Has the loft hatch been draught proofed as specified in the relevant PAS 2030 annex?,TRUE,TRUE,TRUE,TRUE,FALSE,Low,FALSE,,FALSE,,,
LI,Post,LI.6,"Where down lighters or services have been fitted through the existing ceiling, have any measures been taken to prevent air leakage around down lights into roof void?",TRUE,TRUE,FALSE,TRUE,FALSE,Low,FALSE,,FALSE,,,
LI,Post,LI.7,Have any and all working pipes and tanks been properly insulated? (including beneath the tank and overflows),TRUE,TRUE,TRUE,TRUE,FALSE,High,FALSE,,FALSE,,,
LI,Post,LI.8,Does the provision of ventilation in the property meet the requirements of the relevant version of PAS 2030?,TRUE,FALSE,FALSE,TRUE,FALSE,High,FALSE,,FALSE,,,
NB,Post,NB.1,"Where pipework has either been replaced, exposed, or been made accessible as part of the work within an unheated space within or outside of the building envelope, has this been insulated?",TRUE,TRUE,FALSE,TRUE,FALSE,Low,FALSE,,FALSE,,,
NB,Post,NB.2,"If holes or openings have been made through the fabric of the premises due to the installation of a new boiler, have they been made good? (including condensate pipe,  pressure relief valve, gas flue terminals)",TRUE,TRUE,FALSE,TRUE,FALSE,Low,FALSE,,FALSE,,,
NB,Post,NB.3,Does the boiler or heat pump produce hot water for the central heating system?,TRUE,FALSE,TRUE,TRUE,FALSE,High,FALSE,,FALSE,,,
NB,Post,NB.4,"If the boiler or heat pump is designed to produce domestic hot water, is the boiler or heat pump producing domestic hot water?",TRUE,TRUE,TRUE,TRUE,FALSE,High,FALSE,,FALSE,,,
NB,Post,NB.5,"If original heating controls remain, do they function correctly with the boiler?",TRUE,TRUE,TRUE,TRUE,FALSE,High,FALSE,,FALSE,,,
NB,Post,NB.6,"Do the heating controls installed encompass a programmer, thermostat and TRVs to all radiators except those in the room with the thermostat?",TRUE,TRUE,TRUE,TRUE,FALSE,Low,FALSE,,FALSE,,,
NB,Post,NB.7,Has the boiler been installed as per manufacturer’s instructions and other guidance?,TRUE,FALSE,FALSE,TRUE,FALSE,High,FALSE,,FALSE,,,
NESH,Post,NESH.1,Is the installation an Electric Storage Heater as opposed to a panel heater or other kind of heater?,TRUE,FALSE,FALSE,TRUE,FALSE,High,FALSE,,FALSE,,,
NESH,Post,NESH.2,Does the Electric Storage Heater activate and produce heat?,TRUE,FALSE,TRUE,TRUE,FALSE,High,FALSE,,FALSE,,,
NESH,Post,NESH.3,Are all storage heaters fitted with an automatic charge control?  ,TRUE,FALSE,TRUE,TRUE,FALSE,High,FALSE,,FALSE,,,
NESH,Post,NESH.4,Is the fan on fan-assisted storage heater(s) controlled by a thermostat?  ,TRUE,FALSE,FALSE,TRUE,FALSE,High,FALSE,,FALSE,,,
NESH,Post,NESH.5,Is the property on an Economy 7 or differential off-peak tariff?,TRUE,FALSE,TRUE,TRUE,FALSE,High,FALSE,,FALSE,,,
NESH,Post,NESH.6,"Where the property is on a differential off-peak tariff, are the Electric Storage Heaters connected to a separate consumer unit? ",TRUE,TRUE,TRUE,TRUE,FALSE,High,FALSE,,FALSE,,,
PHI,Post,PHI.1,Is the Park Home sited on a concrete plinth which complies with BS3632:2015?,TRUE,TRUE,TRUE,TRUE,FALSE,High,FALSE,,FALSE,,,
PHI,Post,PHI.2,Is there sufficient support (jacks) insitu for the size of the park home and are they in good condition and free from corrosion?,TRUE,TRUE,TRUE,TRUE,FALSE,High,FALSE,,FALSE,,,
PHI,Post,PHI.3,Does the ventilation in the property meet the requirements of BS3632?,TRUE,TRUE,TRUE,TRUE,FALSE,High,FALSE,,FALSE,,,
PHI,Post,PHI.4,Has the installation compromised combustion ventilation within the property?,TRUE,TRUE,TRUE,TRUE,FALSE,High,FALSE,,FALSE,,,
PHI,Post,PHI.5,"Have all expansion joints on walls, floors and roofs been maintained post installation?",TRUE,TRUE,TRUE,TRUE,FALSE,High,FALSE,,FALSE,,,
PHI,Post,PHI.6,Has the 6m minimum distance between Park Homes been maintained after the EWI has been installed?,TRUE,TRUE,TRUE,TRUE,FALSE,High,FALSE,,FALSE,,,
PHI,Post,PHI.7,"Has the EWI installation been carried out appropriately without compromising the accessibility, functionality of the existing services? (for example gas, electric, water, telephone, etc)  ",TRUE,TRUE,TRUE,TRUE,FALSE,High,FALSE,,FALSE,,,
PHI,Post,PHI.8,Have all exterior facing wall areas been insulated to reduce the effects of thermal bridging in line with the relevant version PAS2030?,TRUE,TRUE,TRUE,TRUE,FALSE,Low,FALSE,,FALSE,,,
PHI,Post,PHI.9,If loft insulation has been fitted have ventilation requirements set out in BS3632 been met?,TRUE,TRUE,TRUE,TRUE,FALSE,High,FALSE,,FALSE,,,
PHI,Post,PHI.10,Is there an even layer of insulation and does it meet the required U values of BS3632?,TRUE,TRUE,TRUE,TRUE,FALSE,Low,FALSE,,FALSE,,,
PHI,Post,PHI.11,Is all electrical apparatus penetrating the ceiling safeguarded in accordance with PAS2030?,TRUE,TRUE,TRUE,TRUE,FALSE,High,FALSE,,FALSE,,,
PHI,Post,PHI.12,"Have all sub floor areas got suitable ventilation, ensuring no sub floor vents have been covered or removed?",TRUE,TRUE,TRUE,TRUE,FALSE,High,FALSE,,FALSE,,,
PHI,Post,PHI.13,"Are elements that are treated free from rot, infestation and visible signs of corrosion?",TRUE,TRUE,TRUE,TRUE,FALSE,High,FALSE,,FALSE,,,
PHI,Post,PHI.14,Has insulation been applied to working pipes below the insulation?,TRUE,TRUE,TRUE,TRUE,FALSE,High,FALSE,,FALSE,,,
PHI,Post,PHI.15,Have all electrical cables (high amperage cables) been neatly fixed below the level of the insulation?,TRUE,TRUE,TRUE,TRUE,FALSE,High,FALSE,,FALSE,,,
PHI,Post,PHI.16,"Has the UFI installation been carried out appropriately without compromising the accessibility, functionality of the existing services? (for example gas, electric, water, telephone, etc)  ",TRUE,TRUE,TRUE,TRUE,FALSE,High,FALSE,,FALSE,,,
PWI,Mid & Post,PWI.1,Does the drilling pattern conform to the appropriate materials compliance certificate?,TRUE,TRUE,TRUE,TRUE,FALSE,High,FALSE,,FALSE,,,
PWI,Post,PWI.4,Have all injection holes been filled?,TRUE,TRUE,TRUE,TRUE,FALSE,Low,FALSE,,FALSE,,,
PWI,Post,PWI.5,Does the provision of ventilation in the property meet the requirements of the relevant version of PAS 2030?,TRUE,FALSE,FALSE,TRUE,FALSE,High,FALSE,,FALSE,,,
PRI,Post,PRI.1,"Is the any evidence of timbers suffering from rot, infestation or damp?",TRUE,TRUE,TRUE,TRUE,FALSE,High,FALSE,,FALSE,,,
PRI,Post,PRI.2,"Where a metal structural roof members exists, are they free from visible signs of corrosion?",TRUE,TRUE,TRUE,TRUE,FALSE,High,FALSE,,FALSE,,,
PRI,Post,PRI.3,Are electric cables safeguarded in accordance with PAS2030?,TRUE,TRUE,TRUE,TRUE,FALSE,High,FALSE,,FALSE,,,
PRI,Post,PRI.4,Are there any clear and visible signs of water penetration?,TRUE,TRUE,TRUE,TRUE,FALSE,High,FALSE,,FALSE,,,
PRI,Post,PRI.5,"Are there any clear and visible signs of leakage from water system components, e.g. pipework, cisterns, tanks, etc.",TRUE,TRUE,TRUE,TRUE,FALSE,High,FALSE,,FALSE,,,
PRI,Post,PRI.6,Does the application compromise the functionality of existing air supply/extract ventilation ducts/systems,TRUE,TRUE,TRUE,TRUE,FALSE,High,FALSE,,FALSE,,,
PRI,Post,PRI.7,Is the thickness of insulation consistent throughout the loft area and at the required depth to achieve the U-values stated within Building Regulations?,TRUE,TRUE,TRUE,TRUE,FALSE,Low,FALSE,,FALSE,,,
RIRI,Mid & Post,RIRI.1,Has insulation been installed to all stud walls within the room in the roof? ,TRUE,TRUE,TRUE,TRUE,FALSE,High,FALSE,,FALSE,,,
RIRI,Mid & Post,RIRI.2,Has insulation been installed to all sloping ceilings within the room in the roof?,TRUE,TRUE,TRUE,TRUE,FALSE,High,FALSE,,FALSE,,,
RIRI,Mid & Post,RIRI.3,Has insulation been installed to the flat ceiling within the room in the roof?,TRUE,TRUE,TRUE,TRUE,FALSE,High,FALSE,,FALSE,,,
RIRI,Mid & Post,RIRI.4,"Has insulation been installed to all dormer windows, cheek walls and ceilings within the room-in-roof?",TRUE,TRUE,TRUE,TRUE,FALSE,High,FALSE,,FALSE,,,
RIRI,Mid & Post,RIRI.5,"Where down lighters or services have been fitted through the existing ceiling, have any measures been taken to prevent air leakage around down lights into the roof void?",TRUE,TRUE,TRUE,TRUE,FALSE,High,FALSE,,FALSE,,,
RIRI,Mid & Post,RIRI.6,Has insulation been installed to all party walls within the room-in-roof that are either cavity walls or solid walls bordering an unheated space?,TRUE,TRUE,TRUE,TRUE,FALSE,High,FALSE,,FALSE,,,
RIRI,Mid & Post,RIRI.7,Have any and all working pipes and tanks been properly insulated? (including beneath the tank and overflows),TRUE,TRUE,TRUE,TRUE,FALSE,High,FALSE,,FALSE,,,
RIRI,Mid & Post,RIRI.8,Have all hatches existing and newly installed as part of the room-in-roof insulation been insulated as specified in the relevant annex of PAS 2030?,TRUE,TRUE,TRUE,TRUE,FALSE,High,FALSE,,FALSE,,,
RIRI,Mid & Post,RIRI.9,Has insulation been installed to all gable walls within the room-in-roof?,TRUE,TRUE,TRUE,TRUE,FALSE,High,FALSE,,FALSE,,,
RIRI,Post,RIRI.10,Does the provision of ventilation in the property meet the requirements of the relevant version of PAS 2030?,TRUE,FALSE,FALSE,TRUE,FALSE,High,FALSE,,FALSE,,,
ST,Post,ST.1,Does the Solar Thermal Collector appear to be securely fixed to the roof structure?,TRUE,TRUE,TRUE,TRUE,FALSE,High,FALSE,,FALSE,,,
ST,Post,ST.2,Is the roof structure and membrane still intact and weathertight?,TRUE,TRUE,TRUE,TRUE,FALSE,High,FALSE,,FALSE,,,
ST,Post,ST.3,"Where the solar heating system has been connected to an existing cylinder, has it been insulated and upgraded to a level at least equivalent to relevant legislation?",TRUE,TRUE,TRUE,TRUE,FALSE,High,FALSE,,FALSE,,,
ST,Post,ST.4,Is all pipework insulated to prevent both unnecessary heat loss and the risk of burns?,TRUE,TRUE,TRUE,TRUE,FALSE,High,FALSE,,FALSE,,,
ST,Post,ST.5,Is pipework compression sealed ,TRUE,TRUE,TRUE,TRUE,FALSE,High,FALSE,,FALSE,,,
ST,Post,ST.6,Has the solar thermal system been installed as per manufacturer’s instructions and other guidance?,TRUE,TRUE,TRUE,TRUE,FALSE,High,FALSE,,FALSE,,,
ST,Post,ST.6,Has an MCS compliant caution label been affixed next to the Primary Controller?,TRUE,TRUE,TRUE,TRUE,FALSE,Low,FALSE,,FALSE,,,
ST,Post,ST.7,Is the expansion vessel facing downwards?,TRUE,TRUE,TRUE,TRUE,FALSE,High,FALSE,,FALSE,,,
ST,Post,ST.8,Has a signed and completed copy of the solar commissioning checklist been left with the customer?,TRUE,TRUE,TRUE,TRUE,FALSE,Low,FALSE,,FALSE,,,
SP,Post,SP.1,Does the Solar PV Collector appear to be securely fixed to the roof structure?,TRUE,TRUE,TRUE,TRUE,FALSE,High,FALSE,,FALSE,,,
SP,Post,SP.2,Do the cables appear securely fixed to the frame holding the panels and not touching the roof?,TRUE,TRUE,TRUE,TRUE,FALSE,High,FALSE,,FALSE,,,
SP,Post,SP.3,Is the roof structure and membrane still intact and weathertight?,TRUE,TRUE,TRUE,TRUE,FALSE,High,FALSE,,FALSE,,,
SP,Post,SP.4,Has the solar pv system been installed as per manufacturer’s instructions and other guidance?,TRUE,FALSE,FALSE,TRUE,FALSE,High,FALSE,,FALSE,,,
SP,Post,SP.5,Have MCS compliant labels been affixed to all required components? ,TRUE,TRUE,TRUE,TRUE,FALSE,Low,FALSE,,FALSE,,,
SP,Post,SP.6,"Has a signed and completed copy of the solar PV handover document, checklist, and array test form been left with the customer?",TRUE,TRUE,TRUE,TRUE,FALSE,Low,FALSE,,FALSE,,,
SP,Post,SP.7,Is the schematic diagram placed in an easily accesible location near the invertor?,TRUE,TRUE,TRUE,TRUE,FALSE,High,FALSE,,FALSE,,,
UFI,Mid & Post,UFI.4,Has the insulation been tightly fixed between joists to avoid any gaps?,TRUE,FALSE,FALSE,TRUE,FALSE,High,FALSE,,FALSE,,,
UFI,Mid & Post,UFI.6,Has insulation been installed in the gap between the last joist and external walls? ,TRUE,FALSE,FALSE,TRUE,FALSE,High,FALSE,,FALSE,,,
UFI,Mid & Post,UFI.7,Has insulation been applied to working pipes below the insulation in line with current standards?,TRUE,TRUE,FALSE,TRUE,FALSE,High,FALSE,,FALSE,,,
UFI,Post,UFI.8,"Have all gaps in the floor around service penetrations, e.g. pipework, cabling etc., been sealed?",TRUE,TRUE,FALSE,TRUE,FALSE,High,FALSE,,FALSE,,,
UFI,Post,UFI.11,Is the moisture content of the timber joists less than 20%?,TRUE,FALSE,TRUE,TRUE,FALSE,High,FALSE,,FALSE,,,
UFI,Mid & Post,UFI.12,Is there a fully functional DPC in the walls surrounding the area being insulated?,TRUE,FALSE,FALSE,TRUE,FALSE,High,FALSE,,FALSE,,,
UFI,Mid & Post,UFI.13,Is there a functional DPC beneath timbers that rest on supporting walls?,TRUE,FALSE,FALSE,TRUE,FALSE,High,FALSE,,FALSE,,,
UFI,Post,UFI.14,Does the insulation material bridge the DPC?,TRUE,FALSE,FALSE,TRUE,FALSE,High,FALSE,,FALSE,,,
UFI,Post,UFI.15,Where required (e.g. for foil based systems) has it been installed in an air tight manner with all joints and perimeter edges fully sealed?,TRUE,TRUE,FALSE,TRUE,FALSE,High,FALSE,,FALSE,,,
UFI,Mid & Post,UFI.16,"Is there 150mm clearance between the  joists, or  proposed lowest level of the insulation and the highest point of the substrate?",TRUE,FALSE,FALSE,TRUE,FALSE,High,FALSE,,FALSE,,,
UFI,Mid & Post,UFI.17,Does Cross-flow ventilation exist beneath the floors in the form of openings on opposite walls meeting the requirements of Part C of the Building Regulations?,TRUE,FALSE,FALSE,TRUE,FALSE,High,FALSE,,FALSE,,,
UFI,Mid & Post,UFI.18,"Where the subfloor space meets the definition of a basement does the whole ceiling provide 30 mins minimum fire resistance in line with Part B of the Building Regulations, or for measures installed in Scotland, the Scottish equivalent?",TRUE,TRUE,FALSE,TRUE,FALSE,High,FALSE,,FALSE,,,
UFI,Mid & Post,UFI.19,"Is there any evidence of damp, rot, mould, infestation or other issues with timber exposed to the underfloor space?",TRUE,FALSE,TRUE,TRUE,FALSE,High,FALSE,,FALSE,,,
UFI,Mid & Post,UFI.20,"Are the floorboards in good condition and firmly fixed, without any significant cracks, splits and missing fixings?",TRUE,TRUE,FALSE,TRUE,FALSE,High,FALSE,,FALSE,,,
UFI,Mid & Post,UFI.21,"Is the fixing method, in line with the System Designer's specification and does it conform to the requirements of the BEIS Guidance for Best Practice Retrofit Insulation?",TRUE,FALSE,FALSE,TRUE,FALSE,High,FALSE,,FALSE,,,
UFI,Post,UFI.22,Does the provision of ventilation in the property meet the requirements of the relevant version of PAS 2030?,TRUE,FALSE,FALSE,TRUE,FALSE,High,FALSE,,FALSE,,,
IM001,Post,001IMTMQ.4,Have all joints between external panels been sealed and fully pointed and any holes (eg used for fixing) been fully filled?,TRUE,FALSE,FALSE,TRUE,FALSE,High,FALSE,,FALSE,,,
IM010,Post,010IMTMQ.2,Has a MI RIRI completion certificate been stapled to the loft roof stating the pre-approval number of the installation?,TRUE,FALSE,FALSE,TRUE,FALSE,Low,FALSE,,FALSE,,,
IM010,Post,010IMTMQ.3,Has Stormdry been applied to the external gable wall of the room-in-roof?,TRUE,FALSE,FALSE,TRUE,FALSE,High,FALSE,,FALSE,,,
IM010,Post,010IMTMQ.4,Have the studwork heads been insulated using MI BRIDGE?,TRUE,FALSE,FALSE,TRUE,FALSE,High,FALSE,,FALSE,,,
IM013,Post,013IMTMQ.1,Is the measure installed as specified in the appropriate product certificate and/or system designer's instructions?,TRUE,FALSE,FALSE,TRUE,FALSE,High,FALSE,,FALSE,,,
IM014,Mid & Post,014IMTMQ.1,Are boards butted together with no gaps at abutments?,TRUE,FALSE,FALSE,TRUE,FALSE,High,FALSE,,FALSE,,,
All Measures,,SMQ.1,What measure has been installed ?,,FALSE,FALSE,,TRUE,,TRUE,"BR, CWI, DP, ESHR, EWI, FCH, FRI, HC, IWI, LI, NB, NESH-HHR, NESH-Fan, ESH-HHR, ESH-Fan, PWI, RIRI, UFI, WG",FALSE,,,
All Measures,Post,SMQ.2,What is the present heating system? ,,FALSE,FALSE,,TRUE,,TRUE,"Gas boiler,Electric storage heaters,Oil boiler,LPG boiler,Solid fossil fuel boiler,Electric room heaters,Gas room heaters,Solid fossil fuel room heaters,Electric boiler,Bottled LPG boiler,Bottled LPG room heaters,Gas fire with back boiler,Gas back boiler to radiators,Fuel cell mCHP,Biomass boiler,ASHP,GSHP",FALSE,,,
All Measures,Post,SMQ.3,What is the type of property? ,,FALSE,FALSE,,TRUE,,TRUE,"Semi-detached house ,Detached house,End-terrace house,Mid-terrace house,Semi-detached and end-terrace bungalow,Detached bungalow,Mid-terrace bungalow,Flat with two or fewer external walls ,Flat with three or more external walls,Maisonette with two or fewer external walls ,Maisonette with two or fewer external walls ,Maisonette with two or fewer external walls ,Maisonette with three or more external walls ,Single park home ,Double park home ",FALSE,,,
All Measures,Post,SMQ.4,How many bedrooms are there?,,FALSE,FALSE,,TRUE,,TRUE,"0,1,2,3,4,5,6,7,8,9",FALSE,,,
All Measures,Post,SMQ.5,"What percentage of property has been treated (POPT)

",,FALSE,FALSE,,TRUE,,FALSE,,FALSE,,,
LI,Post,SMQ.6,"Loft insulation with less than 100mm of pre-existing insulation, is there a pre-existing insulation level declaration present?",,TRUE,TRUE,,TRUE,,TRUE,"Yes,No",FALSE,,,
LI,Post,SMQ.7,What is the level of pre-existing loft insulation?,,TRUE,TRUE,,TRUE,,TRUE,"12,25,59,75,100,150,200,250,270,300,350,450+",FALSE,,,
HPED,Post,SMQ.8,What is the measure type based on the area of the door that is glazed?,,FALSE,FALSE,,TRUE,,TRUE,"More than 60% glazed ,Less than or equal to 60% glazed ",FALSE,,,
BB,Post,SMQ.11,What type of boiler has been installed?,,FALSE,FALSE,,TRUE,,TRUE,"Gas,Oil,LPG-bulk,LPG-bottled,Electric,Biomass,Air Source Heat Pump,Ground Source Heat Pump,mCHP",FALSE,,,
BR,Post,SMQ.11,What type of boiler has been installed?,,FALSE,FALSE,,TRUE,,TRUE,"Gas,Oil,LPG-bulk,LPG-bottled,Electric,Biomass,Air Source Heat Pump,Ground Source Heat Pump,mCHP",FALSE,,,
NB,Post,SMQ.11,What type of boiler has been installed?,,FALSE,FALSE,,TRUE,,TRUE,"Gas,Oil,LPG-bulk,LPG-bottled,Electric,Biomass,Air Source Heat Pump,Ground Source Heat Pump,mCHP",FALSE,,,
HC,Post,SMQ.12,"Do the standard heating controls installed encompass a programmer, thermostat and TRVs to all radiators except those in the room with the thermostat?",,TRUE,FALSE,,TRUE,,TRUE,"Yes,No",FALSE,,,
RIRI,Post,SMQ.13,Has the residual loft space been insulated?,,TRUE,TRUE,,TRUE,,TRUE,"Yes,No",FALSE,,,
All solid wall insulation and heating measures,Post,SMQ.14,What wall type represents at least 50% of the total external wall area of the property?,,FALSE,TRUE,,TRUE,,TRUE,"Solid Wall,Cavity Wall",FALSE,,,
EWI,Post,SMQ.15,What is the wall type to which the measure was installed?,,FALSE,TRUE,,TRUE,,TRUE,"Solid brick,Cavity as built ,System built ,Stone,Cob,Timber frame,Filled cavity ",FALSE,,,
IWI,Post,SMQ.15,What is the wall type to which the measure was installed?,,FALSE,TRUE,,TRUE,,TRUE,"Solid brick,Cavity as built ,System built ,Stone,Cob,Timber frame,Filled cavity ",FALSE,,,
EWI,Post,SMQ.16,What is the age band of the property?,,FALSE,TRUE,,TRUE,,TRUE,"A,B,,C,D,E,F,G,H,I,J,K",FALSE,,,
IWI,Post,SMQ.16,What is the age band of the property?,,FALSE,TRUE,,TRUE,,TRUE,"A,B,,C,D,E,F,G,H,I,J,K",FALSE,,,
EWI,Post,SMQ.17,What is the thickness of insulation installed at the property?,,FALSE,TRUE,,TRUE,,TRUE,"50,100,150,200",FALSE,,,
IWI,Post,SMQ.17,What is the thickness of insulation installed at the property?,,FALSE,TRUE,,TRUE,,TRUE,"50,100,150,200",FALSE,,,
HC,Post,SMQ.18,Does the installed smart thermostat meet the criteria of the boiler plus standard (i.e. does it feature automation and optimisation) and does it feature connectivity?,,FALSE,TRUE,,TRUE,,TRUE,"Yes,No",FALSE,,,
All measures notified as solid wall alternative measures,Post,SMQ.22,"What percentage of the property’s external walls are of solid wall construction, whether or not insulated? ",,TRUE,FALSE,,TRUE,,TRUE,"5%,10%,15%,20%,25%,30%,35%,40%,45%,50%,55%,60%,65%,70%,75%,80%,85%,90%,95%,100%",FALSE,,,
HC,Post,SMQ.23,"Are TRVs installed to all radiators except those in the room with the thermostat, and is a smart thermostat present?",,FALSE,TRUE,,TRUE,,TRUE,"Yes,No",FALSE,,,
IM001,Post,001IMSMQ.1,Is the product installed the Mauer EWI system (KIWA BDA Certificate Number BAW-18-024-S-A-UK)?,,FALSE,FALSE,,TRUE,,TRUE,"Yes,No,Unable to Validate",FALSE,,,
IM002,Post,002IMSMQ.1,"Has Q-Bot remote installation been used to install the insulation (BBA certificate 17/5440, product sheet 1)?",,FALSE,FALSE,,TRUE,,TRUE,"Yes,No,Unable to Validate",FALSE,,,
IM003,Post,003IMSMQ.1,Is the product installed the 'Switchee Smart Thermostat'?,,FALSE,FALSE,,TRUE,,TRUE,"Yes,No,Unable to Validate",FALSE,,,
IM004,Post,004IMSMQ.1,"Is the product installed the Instaclad EWI system (BBA certificate 15/5201, product sheet 1)?",,FALSE,FALSE,,TRUE,,TRUE,"Yes,No,Unable to Validate",FALSE,,,
IM005,Post,005IMSMQ.1,Is the product installed Energystore Superbead injected EPS (KIWA BDA cert BAW-19-106-S-A-UK)?,,FALSE,FALSE,,TRUE,,TRUE,"Yes,No,Unable to Validate",FALSE,,,
IM005,Post,005IMSMQ.2,Has the cavity depth been measured at several points along each wall to obtain an average inuslation thickness?,,FALSE,FALSE,,TRUE,,TRUE,"Yes,No,Unable to Validate",FALSE,,,
IM005,Post,005IMSMQ.3,Has the average cavity depth been used to determine the insulation thickness for EPS 200 in Table 20 of the ECO3 Guidance: Delivery?,,FALSE,FALSE,,TRUE,,TRUE,"Yes,No,Unable to Validate",FALSE,,,
IM006,Post,006IMSMQ.1,Is the product installed Climabead party cavity wall insulation (KIWA BDA cert BAW-18-043-S-A-UK)?,,FALSE,FALSE,,TRUE,,TRUE,"Yes,No,Unable to Validate",FALSE,,,
IM006,Post,006IMSMQ.2,Has the loft space in all party cavity walls been filled?,,FALSE,FALSE,,TRUE,,TRUE,"Yes,No,Unable to Validate",FALSE,,,
IM007,Post,007IMSMQ.1,"Is the product installed Soltherm 75 (BBA Certificate 16/5319, product sheet 2)?
",,FALSE,FALSE,,TRUE,,TRUE,"Yes,No,Unable to Validate",FALSE,,,
IM007,Post,007IMSMQ.2,"Is EPS EWI unsuitable for this property? Yes = Pass, No = Fail.",,FALSE,FALSE,,TRUE,,TRUE,"Yes,No,Unable to Validate",FALSE,,,
IM008,Post,008IMSMQ.1,Is the product the Nest Smart Thermostat with Seasonal Savings algorithm? ,,FALSE,FALSE,,TRUE,,TRUE,"Yes,No,Unable to Validate",FALSE,,,
IM009,Post,009IMSMQ.1,"Has mineral wool CWI been installed using rope access (BBA certificate 89/2294, product sheet 2)?",,FALSE,FALSE,,TRUE,,TRUE,"Yes,No,Unable to Validate",FALSE,,,
IM010,Post,010IMSMQ.1,"Is the product installed MI Systems Design RIRI (BDA Agrement BAR-19-116-S-A-UK)?
",,FALSE,FALSE,,TRUE,,TRUE,"Yes,No,Unable to Validate",FALSE,,,
IM011,Post,011IMSMQ.1,"Is the product installed Wetherby EWI (“60 years” durability system in BBA certificate 03/4058, product sheet 2 & 3; 09/4625 product sheet 2)?",,FALSE,FALSE,,TRUE,,TRUE,"Yes,No,Unable to Validate",FALSE,,,
IM012,Post,012IMSMQ.1,"Is the product installed the Viessmann Vitovalor PT2?
",,FALSE,FALSE,,TRUE,,TRUE,"Yes,No,Unable to Validate",FALSE,,,
IM013,Post,013IMSMQ.1,"Are the panels installed UKSOL Monocrystalline with Tigo optimisers, as visible from the sticker on the inverter?",,FALSE,FALSE,,TRUE,,TRUE,"Yes,No,Unable to Validate",FALSE,,,
IM014,Post,014IMSMQ.1,Has the RIR been insulated with Aerogel and the Smart Fix services panels?,,FALSE,FALSE,,TRUE,,TRUE,"Yes,No,Unable to Validate",FALSE,,,
IM015,Post,015IMSMQ.1,"Is the product installed Soltherm P EWI system using FSC panels, as described in BBA certificate 18/5557, product sheet 3?",,FALSE,FALSE,,TRUE,,TRUE,"Yes,No,Unable to Validate",FALSE,,,
IM001,Post,,,,,,,,,,,TRUE,"TMQ.1,TMQ.2,CWI.6,EWI.13,EWI.14,EWI.16,EWI.17,EWI.18,EWI.19,EWI.20,EWI.21,001IMTMQ.4,SMQ.1,SMQ.2,SMQ.3,SMQ.4,SMQ.5,SMQ.14,SMQ.15,SMQ.16,SMQ.17,SMQ.22,001IMSMQ.1",External Wall Insulation (EWI),Mauer (KIWA BDA Certificate Number BAW-18-024-S-A-UK)
IM002,Post,,,,,,,,,,,TRUE,"TMQ.1,TMQ.2,UFI.2,UFI.4,UFI.6,UFI.7,UFI.8,UFI.11,UFI.12,UFI.13,UFI.14,UFI.15,UFI.16,UFI.17,UFI.18,UFI.19,UFI.20,UFI.21,UFI.22,SMQ.1,SMQ.2,SMQ.3,SMQ.4,SMQ.5,SMQ.22,002IMSMQ.1",Under Floor Insulation (UFI),"Q-Bot (BBA certificate 17/5440, product sheet 1)"
IM003,Post,,,,,,,,,,,TRUE,"TMQ.1,TMQ.2,HC.1,HC.2,HC.3,SMQ.1,SMQ.2,SMQ.3,SMQ.4,SMQ.5,SMQ.12,SMQ.18,SMQ.23,SMQ.22,003IMSMQ.1",Smart Thermostat,Switchee
IM004,Post,,,,,,,,,,,TRUE,"TMQ.1,TMQ.2,EWI.13,EWI.14,EWI.15,EWI.16,EWI.17,EWI.18,EWI.19,EWI.20,EWI.21,SMQ.1,SMQ.2,SMQ.3,SMQ.4,SMQ.5,SMQ.14,SMQ.15,SMQ.16,SMQ.17,SMQ.22,004IMSMQ.1",External Wall Insulation (EWI),"Instaclad (BBA certificate 15/5201, product sheet 1)"
IM005,Post,,,,,,,,,,,TRUE,"TMQ.1,TMQ.2,CWI.2,CWI.3,CWI.4,CWI.5,CWI.6,CWI.7,CWI.8,CWI.10,IWI.2,IWI.9,IWI.10,SMQ.1,SMQ.2,SMQ.3,SMQ.4,SMQ.5,SMQ.14,SMQ.15,SMQ.16,SMQ.17,SMQ.22,005IMSMQ.1,005IMSMQ.2,005IMSMQ.3",Internal Wall Insulation (IWI),Energystore Superbead (KIWA BDA cert BAW-19-106-S-A-UK)
IM005,Post,,,,,,,,,,,TRUE,"TMQ.1,TMQ.2,CWI.2,CWI.3,CWI.4,CWI.5,CWI.6,CWI.7,CWI.8,CWI.10,IWI.2,IWI.9,IWI.10,SMQ.1,SMQ.2,SMQ.3,SMQ.4,SMQ.5,SMQ.14,SMQ.15,SMQ.16,SMQ.17,SMQ.22,005IMSMQ.1,005IMSMQ.2,005IMSMQ.3",Internal Wall Insulation (IWI),Energystore Superbead (KIWA BDA cert BAW-19-106-S-A-UK)
IM005,Post,,,,,,,,,,,TRUE,"TMQ.1,TMQ.2,CWI.2,CWI.3,CWI.4,CWI.5,CWI.6,CWI.7,CWI.8,CWI.10,IWI.2,IWI.9,IWI.10,SMQ.1,SMQ.2,SMQ.3,SMQ.4,SMQ.5,SMQ.14,SMQ.15,SMQ.16,SMQ.17,SMQ.22,005IMSMQ.1,005IMSMQ.2,005IMSMQ.3",Internal Wall Insulation (IWI),Energystore Superbead (KIWA BDA cert BAW-19-106-S-A-UK)
IM006,Post,,,,,,,,,,,TRUE,"TMQ.1,TMQ.2,CWI.1,CWI.2,CWI.3,CWI.4,CWI.5,CWI.6,CWI.7,CWI.8,CWI.10,PWI.1,PWI.4,PWI.5,SMQ.1,SMQ.2,SMQ.3,SMQ.4,SMQ.5,SMQ.22,006IMSMQ.1,006IMSMQ.2",Party Cavity Wall Insulation (PWI),Climabead Party Wall (KIWA BDA cert BAW-18-043-S-A-UK)
IM006,Post,,,,,,,,,,,TRUE,"TMQ.1,TMQ.2,CWI.1,CWI.2,CWI.3,CWI.4,CWI.5,CWI.6,CWI.7,CWI.8,CWI.10,PWI.1,PWI.4,PWI.5,SMQ.1,SMQ.2,SMQ.3,SMQ.4,SMQ.5,SMQ.22,006IMSMQ.1,006IMSMQ.2",Party Cavity Wall Insulation (PWI),Climabead Party Wall (KIWA BDA cert BAW-18-043-S-A-UK)
IM007,Post,,,,,,,,,,,TRUE,"TMQ.1,TMQ.2,EWI.13,EWI.14,EWI.15,EWI.16,EWI.17,EWI.18,EWI.19,EWI.20,EWI.21,SMQ.1,SMQ.2,SMQ.3,SMQ.4,SMQ.5,SMQ.14,SMQ.15,SMQ.16,SMQ.17,SMQ.22,007IMSMQ.1,007IMSMQ.2",External Wall Insulation (EWI),"Soltherm 75 (BBA Certificate 16/5319, product sheet 2)"
IM007,Post,,,,,,,,,,,TRUE,"TMQ.1,TMQ.2,EWI.13,EWI.14,EWI.15,EWI.16,EWI.17,EWI.18,EWI.19,EWI.20,EWI.21,SMQ.1,SMQ.2,SMQ.3,SMQ.4,SMQ.5,SMQ.14,SMQ.15,SMQ.16,SMQ.17,SMQ.22,007IMSMQ.1,007IMSMQ.2",External Wall Insulation (EWI),"Soltherm 75 (BBA Certificate 16/5319, product sheet 2)"
IM008,Post,,,,,,,,,,,TRUE,"TMQ.1,TMQ.2,HC.1,HC.2,HC.3,SMQ.1,SMQ.2,SMQ.3,SMQ.4,SMQ.5,SMQ.12,SMQ.18,SMQ.23,SMQ.22,008IMSMQ.1",Smart Thermostat,Nest Seasonal Savings
IM009,Post,,,,,,,,,,,TRUE,"TMQ.1,TMQ.2,CWI.1,CWI.2,CWI.3,CWI.4,CWI.5,CWI.6,CWI.7,CWI.8,CWI.10,SMQ.1,SMQ.2,SMQ.3,SMQ.4,SMQ.5,SMQ.22,009IMSMQ.1",Cavity Wall Insulation (CWI),"ARP CWI (BBA certificate 89/2294, product sheet 2)"
IM010,Post,,,,,,,,,,,TRUE,"TMQ.1,TMQ.2,RIRI.1,RIRI.2,RIRI.3,RIRI.4,RIRI.5,RIRI.6,RIRI.7,RIRI.8,RIRI.9,RIRI.10,IWI.2,IWI.7,IWI.7,IWI.8,IWI.9,IWI.10,IWI.11,LI.1,LI.2,LI.3,LI.4,LI.5,LI.6,LI.7,LI.8,010IMTMQ.2,010IMTMQ.3,010IMTMQ.4,SMQ.1,SMQ.2,SMQ.3,SMQ.4,SMQ.5,SMQ.13,SMQ.22,010IMSMQ.1",Room in Roof Insulation (RIRI),MI Systems Design RIRI (BDA Agrement BAR-19-116-S-A-UK)
IM011,Post,,,,,,,,,,,TRUE,"TMQ.1,TMQ.2,EWI.13,EWI.14,EWI.15,EWI.16,EWI.17,EWI.18,EWI.19,EWI.20,EWI.21,SMQ.1,SMQ.2,SMQ.3,SMQ.4,SMQ.5,SMQ.14,SMQ.15,SMQ.16,SMQ.17,SMQ.22,011IMSMQ.1",External Wall Insulation (EWI),"Wetherby EWI (“60 years” durability system in BBA certificate 03/4058, product sheet 2 & 3; 09/4625 product sheet 2)"
IM012,Post,,,,,,,,,,,TRUE,"TMQ.1,TMQ.2,FCH.2,NB.1,NB.2,NB.3,NB.4,NB.5,NB.6,NB.7,SMQ.1,SMQ.2,SMQ.3,SMQ.4,SMQ.5,SMQ.11,SMQ.14,012IMSMQ.1",Boiler (Fuel Cell mCHP),Viessmann Vitovalor PT2
IM013,Post,,,,,,,,,,,TRUE,"TMQ.1,TMQ.2,013IMTMQ.1,SMQ.1,SMQ.2,SMQ.3,SMQ.4,SMQ.5,SMQ.19,SMQ.20,SMQ.22,013IMSMQ.1",Solar PV,UKSOL Optimised Solar PV
IM014,Post,,,,,,,,,,,TRUE,"TMQ.1,TMQ.2,RIRI.1,RIRI.2,RIRI.3,RIRI.4,RIRI.5,RIRI.6,RIRI.7,RIRI.8,RIRI.9,RIRI.10,IWI.2,IWI.7,IWI.8,IWI.9,IWI.10,IWI.11,LI.1,LI.2,LI.3,LI.4,LI.5,LI.6,LI.7,LI.8,014IMTMQ.1,SMQ.1,SMQ.2,SMQ.3,SMQ.4,SMQ.5,SMQ.13,SMQ.22,014IMSMQ.1",Room in Roof Insulation (RIRI),Smart Fix Systems RIRI
IM015,Post,,,,,,,,,,,TRUE,"TMQ.1,TMQ.2,EWI.13,EWI.14,EWI.15,EWI.16,EWI.17,EWI.18,EWI.19,EWI.20,EWI.21,SMQ.1,SMQ.2,SMQ.3,SMQ.4,SMQ.14,SMQ.15,SMQ.16,SMQ.17,015IMSMQ.1",,"Soltherm FSC (Soltherm P EWI system using FSC panels, as described in BBA certificate 18/5557, product sheet 3)"